{"accuracy": 0.6906307977736549, "precision": 0.6946221274579484, "recall": 0.6801206216655068, "f1": 0.6872948898265354}
