{
  "accuracy": 0.6926191577973161,
  "precision": 0.6992337164750958,
  "recall": 0.6757694978014348,
  "f1": 0.6873014004942921
}
