{
  "LJLA": { "count": 62, "accuracy": 0.8548387096774194 },
  "LPLOL": { "count": 140, "accuracy": 0.8214285714285714 },
  "LCO": { "count": 166, "accuracy": 0.8192771084337349 },
  "GLL": { "count": 174, "accuracy": 0.7931034482758621 },
  "NLC": { "count": 244, "accuracy": 0.7622950819672131 },
  "LJL": { "count": 234, "accuracy": 0.7564102564102564 },
  "PCS": { "count": 268, "accuracy": 0.75 },
  "LIT": { "count": 40, "accuracy": 0.75 },
  "ESLOL": { "count": 190, "accuracy": 0.7473684210526316 },
  "EBL": { "count": 172, "accuracy": 0.7383720930232558 },
  "CBLOLA": { "count": 250, "accuracy": 0.732 },
  "MSI": { "count": 94, "accuracy": 0.723404255319149 },
  "UL": { "count": 222, "accuracy": 0.7162162162162162 },
  "CBLOL": { "count": 234, "accuracy": 0.7136752136752137 },
  "LLA": { "count": 226, "accuracy": 0.7123893805309734 },
  "TCL": { "count": 190, "accuracy": 0.7 },
  "HM": { "count": 196, "accuracy": 0.6989795918367347 },
  "LEC": { "count": 292, "accuracy": 0.6986301369863014 },
  "DCup": { "count": 36, "accuracy": 0.6944444444444444 },
  "AL": { "count": 108, "accuracy": 0.6944444444444444 },
  "LFL": { "count": 266, "accuracy": 0.6917293233082706 },
  "WLDs": { "count": 126, "accuracy": 0.6904761904761905 },
  "LCS": { "count": 262, "accuracy": 0.6717557251908397 },
  "LPL": { "count": 796, "accuracy": 0.6633165829145728 },
  "LDL": { "count": 926, "accuracy": 0.6598272138228942 },
  "LFL2": { "count": 232, "accuracy": 0.6508620689655172 },
  "PRM": { "count": 276, "accuracy": 0.6485507246376812 },
  "LVP SL": { "count": 238, "accuracy": 0.6470588235294118 },
  "LCK": { "count": 464, "accuracy": 0.6379310344827587 },
  "LCKC": { "count": 474, "accuracy": 0.6329113924050633 },
  "VCS": { "count": 314, "accuracy": 0.6305732484076433 },
  "EM": { "count": 168, "accuracy": 0.625 },
  "NACL": { "count": 432, "accuracy": 0.6087962962962963 }
}
