{
  "LPLOL": { "count": 172, "accuracy": 0.8197674418604651 },
  "UL": { "count": 218, "accuracy": 0.8119266055045872 },
  "LCO": { "count": 166, "accuracy": 0.7951807228915663 },
  "DCup": { "count": 34, "accuracy": 0.7941176470588235 },
  "AL": { "count": 120, "accuracy": 0.7916666666666666 },
  "LJLA": { "count": 56, "accuracy": 0.7857142857142857 },
  "LJL": { "count": 204, "accuracy": 0.7843137254901961 },
  "EBL": { "count": 162, "accuracy": 0.7530864197530864 },
  "LFL2": { "count": 224, "accuracy": 0.7366071428571429 },
  "GLL": { "count": 182, "accuracy": 0.7307692307692307 },
  "LLA": { "count": 204, "accuracy": 0.7303921568627451 },
  "TCL": { "count": 206, "accuracy": 0.7281553398058253 },
  "LCK": { "count": 548, "accuracy": 0.7262773722627737 },
  "LVP SL": { "count": 276, "accuracy": 0.7210144927536232 },
  "PCS": { "count": 304, "accuracy": 0.7171052631578947 },
  "LFL": { "count": 262, "accuracy": 0.7137404580152672 },
  "VCS": { "count": 320, "accuracy": 0.7125 },
  "CBLOL": { "count": 268, "accuracy": 0.7052238805970149 },
  "MSI": { "count": 94, "accuracy": 0.7021276595744681 },
  "PRM": { "count": 330, "accuracy": 0.696969696969697 },
  "NLC": { "count": 264, "accuracy": 0.6931818181818182 },
  "ESLOL": { "count": 204, "accuracy": 0.6911764705882353 },
  "CBLOLA": { "count": 272, "accuracy": 0.6911764705882353 },
  "LDL": { "count": 930, "accuracy": 0.6860215053763441 },
  "WLDs": { "count": 122, "accuracy": 0.680327868852459 },
  "HM": { "count": 154, "accuracy": 0.6753246753246753 },
  "LEC": { "count": 286, "accuracy": 0.6573426573426573 },
  "LPL": { "count": 818, "accuracy": 0.6503667481662592 },
  "LCS": { "count": 298, "accuracy": 0.6442953020134228 },
  "NACL": { "count": 458, "accuracy": 0.6331877729257642 },
  "LIT": { "count": 44, "accuracy": 0.6136363636363636 },
  "EM": { "count": 168, "accuracy": 0.6130952380952381 },
  "LCKC": { "count": 446, "accuracy": 0.6098654708520179 }
}
