{"accuracy": 0.6978670297254368, "precision": 0.6977535738597685, "recall": 0.697911938266001, "f1": 0.69783274707818}
