{
  "accuracy": 0.709958217270195,
  "precision": 0.7095503013444598,
  "recall": 0.7107035059205944,
  "f1": 0.7101264354483239
}
