{
  "LPLOL": { "count": 166, "accuracy": 0.8313253012048193 },
  "HM": { "count": 178, "accuracy": 0.8146067415730337 },
  "LJL": { "count": 268, "accuracy": 0.8134328358208955 },
  "EWC": { "count": 10, "accuracy": 0.8 },
  "UL": { "count": 258, "accuracy": 0.7906976744186046 },
  "MSI": { "count": 90, "accuracy": 0.7888888888888889 },
  "IC": { "count": 42, "accuracy": 0.7857142857142857 },
  "LIT": { "count": 54, "accuracy": 0.7777777777777778 },
  "AL": { "count": 124, "accuracy": 0.7741935483870968 },
  "TCL": { "count": 200, "accuracy": 0.765 },
  "VCS": { "count": 288, "accuracy": 0.7638888888888888 },
  "LFL": { "count": 266, "accuracy": 0.7518796992481203 },
  "NLC": { "count": 266, "accuracy": 0.7406015037593985 },
  "LCS": { "count": 288, "accuracy": 0.7395833333333334 },
  "CDF": { "count": 46, "accuracy": 0.7391304347826086 },
  "EBL": { "count": 194, "accuracy": 0.7371134020618557 },
  "PRM": { "count": 328, "accuracy": 0.7347560975609756 },
  "LCK": { "count": 486, "accuracy": 0.7325102880658436 },
  "PCS": { "count": 338, "accuracy": 0.727810650887574 },
  "LVP SL": { "count": 284, "accuracy": 0.7147887323943662 },
  "ESLOL": { "count": 212, "accuracy": 0.7122641509433962 },
  "CBLOL": { "count": 254, "accuracy": 0.7047244094488189 },
  "LPL": { "count": 836, "accuracy": 0.6901913875598086 },
  "LDL": { "count": 932, "accuracy": 0.6899141630901288 },
  "GLL": { "count": 170, "accuracy": 0.6882352941176471 },
  "NACL": { "count": 448, "accuracy": 0.6607142857142857 },
  "WLDs": { "count": 112, "accuracy": 0.6517857142857143 },
  "LEC": { "count": 286, "accuracy": 0.6503496503496503 },
  "EM": { "count": 158, "accuracy": 0.6392405063291139 },
  "LCKC": { "count": 502, "accuracy": 0.6354581673306773 },
  "DCup": { "count": 36, "accuracy": 0.5555555555555556 },
  "EPL": { "count": 46, "accuracy": 0.5434782608695652 }
}
